{
  "beam_A": 13,
  "beam_Z": 5,
  "target_A": 2,
  "target_Z": 1,
  "recoil_light_A": 3,
  "recoil_light_Z": 2,
  "beam_energy_MeVu": 14,
  "Bfield": -2.2,
  "mass_b": 2808.39152698,
  "charge_b": 2,
  "betaCM": 0.14868909530764257,
  "Ecm": 14023.406641131913,
  "mass_B": 11200.9629892,
  "charge_B": 4,
  "Ma": 12123.43027925,
  "Mt": 1875.61292794,
  "Q": -10.311308989999816,
  "beam_label": "13B",
  "target_label": "2H",
  "recoil_light_label": "3He",
  "recoil_heavy_label": "12Be",
  "reaction_str": "13B(2H,3He)12Be"
}